allocator,test_type,iteration,cumulative_ms,avg_ms_per_iter
thread_first_fit,suite,5,2.1740,0.434790
thread_first_fit,suite,10,4.9499,0.494992
thread_first_fit,suite,15,7.4126,0.494176
thread_first_fit,suite,20,9.5542,0.477709
thread_first_fit,suite,25,11.7169,0.468675
thread_first_fit,suite,30,14.1530,0.471765
thread_first_fit,suite,35,16.6464,0.475611
thread_first_fit,suite,40,18.8477,0.471193
thread_first_fit,suite,45,21.2674,0.472609
thread_first_fit,suite,50,23.4239,0.468477
thread_first_fit,suite,55,25.5968,0.465396
thread_first_fit,suite,60,27.7421,0.462368
thread_first_fit,suite,65,30.1956,0.464547
thread_first_fit,suite,70,32.3795,0.462564
thread_first_fit,suite,75,34.5941,0.461254
thread_first_fit,suite,80,36.7568,0.459460
thread_first_fit,suite,85,38.9142,0.457814
thread_first_fit,suite,90,41.4033,0.460036
thread_first_fit,suite,95,43.8596,0.461680
thread_first_fit,suite,100,46.0311,0.460311
thread_first_fit,fuzzy,5,1.0248,0.204960
thread_first_fit,fuzzy,10,1.8427,0.184266
thread_first_fit,fuzzy,15,2.6605,0.177367
thread_first_fit,fuzzy,20,3.3486,0.167432
thread_first_fit,fuzzy,25,4.1376,0.165505
thread_first_fit,fuzzy,30,4.9445,0.164816
thread_first_fit,fuzzy,35,5.6723,0.162066
thread_first_fit,fuzzy,40,6.3830,0.159574
thread_first_fit,fuzzy,45,7.1496,0.158881
thread_first_fit,fuzzy,50,7.8970,0.157939
thread_first_fit,fuzzy,55,8.6555,0.157373
thread_first_fit,fuzzy,60,9.3865,0.156442
thread_first_fit,fuzzy,65,10.0898,0.155228
thread_first_fit,fuzzy,70,10.9077,0.155824
thread_first_fit,fuzzy,75,11.6469,0.155292
thread_first_fit,fuzzy,80,12.6769,0.158461
thread_first_fit,fuzzy,85,13.4735,0.158512
thread_first_fit,fuzzy,90,14.2392,0.158213
thread_first_fit,fuzzy,95,14.9567,0.157439
thread_first_fit,fuzzy,100,15.7973,0.157973
thread_best_fit,suite,5,2.8093,0.561862
thread_best_fit,suite,10,5.5000,0.549997
thread_best_fit,suite,15,7.9248,0.528320
thread_best_fit,suite,20,10.3875,0.519376
thread_best_fit,suite,25,13.3090,0.532360
thread_best_fit,suite,30,16.6170,0.553899
thread_best_fit,suite,35,18.8644,0.538984
thread_best_fit,suite,40,21.5265,0.538163
thread_best_fit,suite,45,24.3145,0.540323
thread_best_fit,suite,50,26.5619,0.531238
thread_best_fit,suite,55,29.3029,0.532780
thread_best_fit,suite,60,32.0534,0.534223
thread_best_fit,suite,65,34.3449,0.528382
thread_best_fit,suite,70,36.8624,0.526606
thread_best_fit,suite,75,39.6055,0.528073
thread_best_fit,suite,80,41.8515,0.523144
thread_best_fit,suite,85,44.3711,0.522013
thread_best_fit,suite,90,46.8697,0.520774
thread_best_fit,suite,95,49.3661,0.519643
thread_best_fit,suite,100,51.6148,0.516148
thread_best_fit,fuzzy,5,0.9837,0.196736
thread_best_fit,fuzzy,10,1.7483,0.174832
thread_best_fit,fuzzy,15,2.7309,0.182063
thread_best_fit,fuzzy,20,3.5785,0.178926
thread_best_fit,fuzzy,25,4.3404,0.173615
thread_best_fit,fuzzy,30,5.1565,0.171884
thread_best_fit,fuzzy,35,6.0023,0.171493
thread_best_fit,fuzzy,40,6.7616,0.169041
thread_best_fit,fuzzy,45,7.5538,0.167863
thread_best_fit,fuzzy,50,8.3187,0.166374
thread_best_fit,fuzzy,55,9.0775,0.165046
thread_best_fit,fuzzy,60,9.8105,0.163509
thread_best_fit,fuzzy,65,10.6100,0.163231
thread_best_fit,fuzzy,70,11.3601,0.162287
thread_best_fit,fuzzy,75,12.0840,0.161120
thread_best_fit,fuzzy,80,12.8673,0.160841
thread_best_fit,fuzzy,85,13.6883,0.161039
thread_best_fit,fuzzy,90,14.9905,0.166561
thread_best_fit,fuzzy,95,15.8003,0.166319
thread_best_fit,fuzzy,100,16.6298,0.166298
warp_first_fit,suite,5,1.8513,0.370266
warp_first_fit,suite,10,3.4658,0.346576
warp_first_fit,suite,15,5.0180,0.334534
warp_first_fit,suite,20,6.6465,0.332325
warp_first_fit,suite,25,8.2100,0.328402
warp_first_fit,suite,30,9.8327,0.327756
warp_first_fit,suite,35,11.3796,0.325130
warp_first_fit,suite,40,13.0054,0.325136
warp_first_fit,suite,45,14.6469,0.325487
warp_first_fit,suite,50,16.2430,0.324861
warp_first_fit,suite,55,17.9126,0.325684
warp_first_fit,suite,60,19.5078,0.325130
warp_first_fit,suite,65,21.1236,0.324978
warp_first_fit,suite,70,22.7474,0.324963
warp_first_fit,suite,75,24.4799,0.326399
warp_first_fit,suite,80,26.2965,0.328706
warp_first_fit,suite,85,27.9036,0.328277
warp_first_fit,suite,90,29.6380,0.329311
warp_first_fit,suite,95,31.5649,0.332262
warp_first_fit,suite,100,33.3199,0.333199
warp_first_fit,fuzzy,5,0.9666,0.193325
warp_first_fit,fuzzy,10,1.6562,0.165616
warp_first_fit,fuzzy,15,2.3817,0.158782
warp_first_fit,fuzzy,20,3.1125,0.155624
warp_first_fit,fuzzy,25,3.8399,0.153595
warp_first_fit,fuzzy,30,4.6611,0.155370
warp_first_fit,fuzzy,35,5.3574,0.153069
warp_first_fit,fuzzy,40,6.0458,0.151146
warp_first_fit,fuzzy,45,6.7447,0.149882
warp_first_fit,fuzzy,50,7.5484,0.150969
warp_first_fit,fuzzy,55,8.2406,0.149830
warp_first_fit,fuzzy,60,8.8579,0.147631
warp_first_fit,fuzzy,65,9.7064,0.149330
warp_first_fit,fuzzy,70,10.3399,0.147712
warp_first_fit,fuzzy,75,11.0490,0.147319
warp_first_fit,fuzzy,80,11.7924,0.147405
warp_first_fit,fuzzy,85,12.5323,0.147439
warp_first_fit,fuzzy,90,13.2244,0.146937
warp_first_fit,fuzzy,95,13.9625,0.146974
warp_first_fit,fuzzy,100,14.6517,0.146517
warp_best_fit,suite,5,2.0100,0.401997
warp_best_fit,suite,10,3.8786,0.387856
warp_best_fit,suite,15,5.7586,0.383908
warp_best_fit,suite,20,7.4702,0.373510
warp_best_fit,suite,25,9.2726,0.370906
warp_best_fit,suite,30,10.9671,0.365570
warp_best_fit,suite,35,12.7579,0.364511
warp_best_fit,suite,40,14.5706,0.364266
warp_best_fit,suite,45,16.7205,0.371568
warp_best_fit,suite,50,18.8429,0.376859
warp_best_fit,suite,55,20.7083,0.376514
warp_best_fit,suite,60,22.6774,0.377956
warp_best_fit,suite,65,24.5704,0.378006
warp_best_fit,suite,70,26.2473,0.374961
warp_best_fit,suite,75,27.8989,0.371985
warp_best_fit,suite,80,29.5192,0.368990
warp_best_fit,suite,85,31.1711,0.366719
warp_best_fit,suite,90,32.8284,0.364760
warp_best_fit,suite,95,34.6282,0.364508
warp_best_fit,suite,100,36.2619,0.362619
warp_best_fit,fuzzy,5,0.7072,0.141440
warp_best_fit,fuzzy,10,1.3973,0.139728
warp_best_fit,fuzzy,15,2.1090,0.140602
warp_best_fit,fuzzy,20,2.7327,0.136635
warp_best_fit,fuzzy,25,3.4432,0.137727
warp_best_fit,fuzzy,30,4.1787,0.139291
warp_best_fit,fuzzy,35,4.9088,0.140251
warp_best_fit,fuzzy,40,5.6072,0.140179
warp_best_fit,fuzzy,45,6.3062,0.140137
warp_best_fit,fuzzy,50,7.0698,0.141396
warp_best_fit,fuzzy,55,7.7839,0.141526
warp_best_fit,fuzzy,60,8.4196,0.140327
warp_best_fit,fuzzy,65,9.0900,0.139846
warp_best_fit,fuzzy,70,9.8312,0.140445
warp_best_fit,fuzzy,75,10.5705,0.140940
warp_best_fit,fuzzy,80,11.2704,0.140880
warp_best_fit,fuzzy,85,11.8899,0.139881
warp_best_fit,fuzzy,90,12.6347,0.140385
warp_best_fit,fuzzy,95,13.4229,0.141294
warp_best_fit,fuzzy,100,14.1192,0.141192
warp_first_fit,suite,5,9.8167,1.963347
warp_first_fit,suite,10,19.6957,1.969575
warp_first_fit,suite,15,29.4695,1.964636
warp_first_fit,suite,20,39.1981,1.959904
warp_first_fit,suite,25,48.6895,1.947582
warp_first_fit,suite,30,59.0071,1.966904
warp_first_fit,suite,35,68.9727,1.970648
warp_first_fit,suite,40,79.3281,1.983203
warp_first_fit,suite,45,89.3055,1.984567
warp_first_fit,suite,50,99.2349,1.984697
warp_first_fit,suite,55,109.2334,1.986061
warp_first_fit,suite,60,119.5822,1.993037
warp_first_fit,suite,65,129.4306,1.991240
warp_first_fit,suite,70,139.7394,1.996277
warp_first_fit,suite,75,149.7313,1.996417
warp_first_fit,suite,80,160.0449,2.000561
warp_first_fit,suite,85,170.0453,2.000534
warp_first_fit,suite,90,180.3079,2.003421
warp_first_fit,suite,95,190.3427,2.003607
warp_first_fit,suite,100,200.5062,2.005062
warp_first_fit,fuzzy,5,2.7828,0.556550
warp_first_fit,fuzzy,10,5.5940,0.559405
warp_first_fit,fuzzy,15,8.1609,0.544058
warp_first_fit,fuzzy,20,10.8986,0.544928
warp_first_fit,fuzzy,25,13.8345,0.553381
warp_first_fit,fuzzy,30,16.4300,0.547665
warp_first_fit,fuzzy,35,19.0337,0.543819
warp_first_fit,fuzzy,40,21.6162,0.540405
warp_first_fit,fuzzy,45,24.5866,0.546369
warp_first_fit,fuzzy,50,27.4227,0.548453
warp_first_fit,fuzzy,55,30.1964,0.549025
warp_first_fit,fuzzy,60,33.1033,0.551722
warp_first_fit,fuzzy,65,36.0606,0.554779
warp_first_fit,fuzzy,70,38.9480,0.556399
warp_first_fit,fuzzy,75,41.7342,0.556456
warp_first_fit,fuzzy,80,44.5166,0.556458
warp_first_fit,fuzzy,85,47.3287,0.556808
warp_first_fit,fuzzy,90,50.1478,0.557197
warp_first_fit,fuzzy,95,52.7210,0.554958
warp_first_fit,fuzzy,100,55.6603,0.556603
warp_best_fit,suite,5,9.6135,1.922701
warp_best_fit,suite,10,19.1817,1.918170
warp_best_fit,suite,15,29.0417,1.936111
warp_best_fit,suite,20,38.9108,1.945538
warp_best_fit,suite,25,48.0662,1.922648
warp_best_fit,suite,30,57.8622,1.928742
warp_best_fit,suite,35,67.3861,1.925318
warp_best_fit,suite,40,76.9266,1.923166
warp_best_fit,suite,45,86.5929,1.924286
warp_best_fit,suite,50,95.9755,1.919510
warp_best_fit,suite,55,105.8102,1.923822
warp_best_fit,suite,60,114.9298,1.915497
warp_best_fit,suite,65,123.5109,1.900168
warp_best_fit,suite,70,132.0888,1.886983
warp_best_fit,suite,75,140.6883,1.875844
warp_best_fit,suite,80,149.2445,1.865556
warp_best_fit,suite,85,157.8389,1.856928
warp_best_fit,suite,90,166.5583,1.850647
warp_best_fit,suite,95,175.3453,1.845740
warp_best_fit,suite,100,183.9782,1.839782
warp_best_fit,fuzzy,5,2.3840,0.476794
warp_best_fit,fuzzy,10,4.7692,0.476918
warp_best_fit,fuzzy,15,7.0781,0.471876
warp_best_fit,fuzzy,20,9.3901,0.469507
warp_best_fit,fuzzy,25,12.1524,0.486098
warp_best_fit,fuzzy,30,14.9361,0.497869
warp_best_fit,fuzzy,35,17.2442,0.492690
warp_best_fit,fuzzy,40,19.5846,0.489616
warp_best_fit,fuzzy,45,21.9383,0.487519
warp_best_fit,fuzzy,50,24.3481,0.486961
warp_best_fit,fuzzy,55,26.7424,0.486225
warp_best_fit,fuzzy,60,29.0859,0.484765
warp_best_fit,fuzzy,65,31.4653,0.484082
warp_best_fit,fuzzy,70,33.8459,0.483513
warp_best_fit,fuzzy,75,36.2391,0.483188
warp_best_fit,fuzzy,80,38.6351,0.482939
warp_best_fit,fuzzy,85,41.0113,0.482486
warp_best_fit,fuzzy,90,43.3727,0.481918
warp_best_fit,fuzzy,95,45.7685,0.481774
warp_best_fit,fuzzy,100,48.1407,0.481407
warp_first_fit,suite,5,37.5585,7.511693
warp_first_fit,suite,10,74.2282,7.422820
warp_first_fit,suite,15,110.9765,7.398437
warp_first_fit,suite,20,151.8437,7.592183
warp_first_fit,suite,25,192.6240,7.704958
warp_first_fit,suite,30,233.3923,7.779742
warp_first_fit,suite,35,273.8065,7.823041
warp_first_fit,suite,40,313.4220,7.835549
warp_first_fit,suite,45,353.9548,7.865662
warp_first_fit,suite,50,394.6978,7.893956
warp_first_fit,suite,55,435.4926,7.918047
warp_first_fit,suite,60,476.3236,7.938727
warp_first_fit,suite,65,517.2072,7.957033
warp_first_fit,suite,70,557.1615,7.959450
warp_first_fit,suite,75,597.6757,7.969009
warp_first_fit,suite,80,638.7671,7.984589
warp_first_fit,suite,85,679.5834,7.995099
warp_first_fit,suite,90,720.3936,8.004374
warp_first_fit,suite,95,761.2304,8.012952
warp_first_fit,suite,100,801.6075,8.016075
warp_first_fit,fuzzy,5,7.5425,1.508499
warp_first_fit,fuzzy,10,15.2513,1.525130
warp_first_fit,fuzzy,15,23.0717,1.538116
warp_first_fit,fuzzy,20,30.5872,1.529358
warp_first_fit,fuzzy,25,38.2159,1.528635
warp_first_fit,fuzzy,30,45.7245,1.524150
warp_first_fit,fuzzy,35,53.0405,1.515443
warp_first_fit,fuzzy,40,59.9860,1.499650
warp_first_fit,fuzzy,45,66.8721,1.486047
warp_first_fit,fuzzy,50,73.7951,1.475903
warp_first_fit,fuzzy,55,80.6783,1.466879
warp_first_fit,fuzzy,60,87.5572,1.459286
warp_first_fit,fuzzy,65,94.4684,1.453360
warp_first_fit,fuzzy,70,101.3627,1.448039
warp_first_fit,fuzzy,75,108.2601,1.443468
warp_first_fit,fuzzy,80,115.1792,1.439740
warp_first_fit,fuzzy,85,122.0733,1.436156
warp_first_fit,fuzzy,90,128.9756,1.433063
warp_first_fit,fuzzy,95,135.8878,1.430398
warp_first_fit,fuzzy,100,142.8156,1.428156
warp_best_fit,suite,5,34.7827,6.956531
warp_best_fit,suite,10,68.7210,6.872096
warp_best_fit,suite,15,102.5917,6.839449
warp_best_fit,suite,20,136.4637,6.823186
warp_best_fit,suite,25,173.5382,6.941529
warp_best_fit,suite,30,211.3679,7.045596
warp_best_fit,suite,35,249.0529,7.115798
warp_best_fit,suite,40,286.3213,7.158032
warp_best_fit,suite,45,323.7933,7.195407
warp_best_fit,suite,50,361.3143,7.226285
warp_best_fit,suite,55,398.4462,7.244476
warp_best_fit,suite,60,435.8356,7.263927
warp_best_fit,suite,65,473.0671,7.277956
warp_best_fit,suite,70,510.2017,7.288595
warp_best_fit,suite,75,547.9520,7.306026
warp_best_fit,suite,80,585.8447,7.323058
warp_best_fit,suite,85,623.7034,7.337687
warp_best_fit,suite,90,660.8416,7.342685
warp_best_fit,suite,95,698.3776,7.351344
warp_best_fit,suite,100,735.9262,7.359262
warp_best_fit,fuzzy,5,5.1780,1.035590
warp_best_fit,fuzzy,10,10.2261,1.022611
warp_best_fit,fuzzy,15,15.6305,1.042031
warp_best_fit,fuzzy,20,20.9231,1.046157
warp_best_fit,fuzzy,25,25.9950,1.039800
warp_best_fit,fuzzy,30,31.1644,1.038814
warp_best_fit,fuzzy,35,36.4701,1.042003
warp_best_fit,fuzzy,40,41.6753,1.041882
warp_best_fit,fuzzy,45,46.7212,1.038248
warp_best_fit,fuzzy,50,52.3453,1.046906
warp_best_fit,fuzzy,55,57.4924,1.045316
warp_best_fit,fuzzy,60,62.4791,1.041319
warp_best_fit,fuzzy,65,67.6992,1.041526
warp_best_fit,fuzzy,70,73.0653,1.043790
warp_best_fit,fuzzy,75,78.1010,1.041347
warp_best_fit,fuzzy,80,83.7022,1.046277
warp_best_fit,fuzzy,85,88.8764,1.045605
warp_best_fit,fuzzy,90,93.8684,1.042982
warp_best_fit,fuzzy,95,99.4027,1.046344
warp_best_fit,fuzzy,100,104.6122,1.046122
freelist,suite,5,1.3092,0.261837
freelist,suite,10,2.6462,0.264621
freelist,suite,15,3.9639,0.264258
freelist,suite,20,5.2563,0.262813
freelist,suite,25,6.5645,0.262580
freelist,suite,30,7.8913,0.263042
freelist,suite,35,9.1586,0.261674
freelist,suite,40,10.4396,0.260990
freelist,suite,45,11.7423,0.260941
freelist,suite,50,13.0225,0.260450
freelist,suite,55,14.3173,0.260314
freelist,suite,60,15.5754,0.259590
freelist,suite,65,16.9038,0.260059
freelist,suite,70,18.2306,0.260437
freelist,suite,75,19.5501,0.260668
freelist,suite,80,20.8768,0.260960
freelist,suite,85,22.1441,0.260518
freelist,suite,90,23.4489,0.260543
freelist,suite,95,24.7463,0.260487
freelist,suite,100,26.0667,0.260667
freelist,fuzzy,5,0.5096,0.101926
freelist,fuzzy,10,1.0516,0.105158
freelist,fuzzy,15,1.5062,0.100416
freelist,fuzzy,20,2.0034,0.100170
freelist,fuzzy,25,2.5333,0.101331
freelist,fuzzy,30,3.0601,0.102004
freelist,fuzzy,35,3.5753,0.102150
freelist,fuzzy,40,4.0755,0.101886
freelist,fuzzy,45,4.5648,0.101441
freelist,fuzzy,50,5.0847,0.101694
freelist,fuzzy,55,5.6005,0.101828
freelist,fuzzy,60,6.1295,0.102159
freelist,fuzzy,65,6.6147,0.101765
freelist,fuzzy,70,7.0780,0.101115
freelist,fuzzy,75,7.6071,0.101428
freelist,fuzzy,80,8.1392,0.101740
freelist,fuzzy,85,8.6712,0.102014
freelist,fuzzy,90,9.2016,0.102240
freelist,fuzzy,95,9.6898,0.101998
freelist,fuzzy,100,10.2080,0.102080
global_first_fit,suite,5,2.5158,0.503168
global_first_fit,suite,10,4.8348,0.483482
global_first_fit,suite,15,7.1870,0.479136
global_first_fit,suite,20,9.7035,0.485173
global_first_fit,suite,25,12.2450,0.489798
global_first_fit,suite,30,14.9720,0.499067
global_first_fit,suite,35,17.2817,0.493762
global_first_fit,suite,40,19.7886,0.494716
global_first_fit,suite,45,22.1271,0.491713
global_first_fit,suite,50,24.4420,0.488841
global_first_fit,suite,55,26.7417,0.486213
global_first_fit,suite,60,29.0688,0.484481
global_first_fit,suite,65,31.3803,0.482774
global_first_fit,suite,70,33.6936,0.481338
global_first_fit,suite,75,36.0054,0.480072
global_first_fit,suite,80,38.3176,0.478970
global_first_fit,suite,85,40.6498,0.478233
global_first_fit,suite,90,43.0106,0.477895
global_first_fit,suite,95,45.3216,0.477070
global_first_fit,suite,100,47.6316,0.476316
global_first_fit,fuzzy,5,0.6383,0.127654
global_first_fit,fuzzy,10,1.2917,0.129174
global_first_fit,fuzzy,15,1.9528,0.130187
global_first_fit,fuzzy,20,2.6108,0.130538
global_first_fit,fuzzy,25,3.2991,0.131963
global_first_fit,fuzzy,30,3.9547,0.131823
global_first_fit,fuzzy,35,4.6280,0.132228
global_first_fit,fuzzy,40,5.2807,0.132018
global_first_fit,fuzzy,45,5.9248,0.131662
global_first_fit,fuzzy,50,6.5491,0.130981
global_first_fit,fuzzy,55,7.1936,0.130793
global_first_fit,fuzzy,60,7.8370,0.130617
global_first_fit,fuzzy,65,8.4942,0.130680
global_first_fit,fuzzy,70,9.1319,0.130456
global_first_fit,fuzzy,75,9.7633,0.130178
global_first_fit,fuzzy,80,10.4263,0.130329
global_first_fit,fuzzy,85,11.0607,0.130126
global_first_fit,fuzzy,90,11.6635,0.129595
global_first_fit,fuzzy,95,12.3114,0.129593
global_first_fit,fuzzy,100,12.8925,0.128925
global_best_fit,suite,5,2.3724,0.474483
global_best_fit,suite,10,4.7272,0.472717
global_best_fit,suite,15,7.0932,0.472879
global_best_fit,suite,20,9.4392,0.471962
global_best_fit,suite,25,11.8113,0.472452
global_best_fit,suite,30,14.7781,0.492602
global_best_fit,suite,35,17.1244,0.489267
global_best_fit,suite,40,19.6571,0.491427
global_best_fit,suite,45,21.9981,0.488847
global_best_fit,suite,50,24.4558,0.489116
global_best_fit,suite,55,26.8707,0.488558
global_best_fit,suite,60,29.2747,0.487911
global_best_fit,suite,65,31.7508,0.488474
global_best_fit,suite,70,34.2298,0.488997
global_best_fit,suite,75,36.7271,0.489695
global_best_fit,suite,80,39.0808,0.488510
global_best_fit,suite,85,41.4302,0.487414
global_best_fit,suite,90,43.8733,0.487481
global_best_fit,suite,95,46.2110,0.486432
global_best_fit,suite,100,48.5672,0.485672
global_best_fit,fuzzy,5,0.6376,0.127514
global_best_fit,fuzzy,10,1.2796,0.127965
global_best_fit,fuzzy,15,1.9080,0.127198
global_best_fit,fuzzy,20,2.5390,0.126949
global_best_fit,fuzzy,25,3.1630,0.126520
global_best_fit,fuzzy,30,3.8076,0.126922
global_best_fit,fuzzy,35,4.4587,0.127391
global_best_fit,fuzzy,40,5.1077,0.127694
global_best_fit,fuzzy,45,5.6976,0.126613
global_best_fit,fuzzy,50,6.3604,0.127208
global_best_fit,fuzzy,55,7.0032,0.127331
global_best_fit,fuzzy,60,7.6197,0.126995
global_best_fit,fuzzy,65,8.4573,0.130112
global_best_fit,fuzzy,70,9.0781,0.129687
global_best_fit,fuzzy,75,9.7299,0.129731
global_best_fit,fuzzy,80,10.3613,0.129516
global_best_fit,fuzzy,85,11.0070,0.129495
global_best_fit,fuzzy,90,11.6251,0.129167
global_best_fit,fuzzy,95,12.2319,0.128757
global_best_fit,fuzzy,100,12.8828,0.128828
device_malloc,suite,5,52.8003,10.560051
device_malloc,suite,10,107.6338,10.763376
device_malloc,suite,15,166.1345,11.075633
device_malloc,suite,20,224.5473,11.227367
device_malloc,suite,25,282.7256,11.309026
device_malloc,suite,30,341.0070,11.366899
device_malloc,suite,35,399.2054,11.405869
device_malloc,suite,40,457.4342,11.435856
device_malloc,suite,45,515.5876,11.457502
device_malloc,suite,50,573.7314,11.474628
device_malloc,suite,55,631.8616,11.488394
device_malloc,suite,60,690.5610,11.509351
device_malloc,suite,65,749.0038,11.523135
device_malloc,suite,70,807.4896,11.535565
device_malloc,suite,75,862.4341,11.499122
device_malloc,suite,80,915.1285,11.439106
device_malloc,suite,85,967.8181,11.386095
device_malloc,suite,90,1020.5101,11.339001
device_malloc,suite,95,1073.2374,11.297236
device_malloc,suite,100,1131.2467,11.312467
device_malloc,fuzzy,5,8.7896,1.757926
device_malloc,fuzzy,10,22.6174,2.261738
device_malloc,fuzzy,15,39.8958,2.659721
device_malloc,fuzzy,20,62.0835,3.104176
device_malloc,fuzzy,25,87.3811,3.495242
device_malloc,fuzzy,30,116.9593,3.898643
device_malloc,fuzzy,35,150.8793,4.310837
device_malloc,fuzzy,40,189.3578,4.733944
device_malloc,fuzzy,45,231.9007,5.153350
device_malloc,fuzzy,50,278.0900,5.561800
device_malloc,fuzzy,55,328.8565,5.979209
device_malloc,fuzzy,60,384.1041,6.401734
device_malloc,fuzzy,65,443.2739,6.819598
device_malloc,fuzzy,70,507.0796,7.243994
device_malloc,fuzzy,75,574.6213,7.661617
device_malloc,fuzzy,80,646.0950,8.076188
device_malloc,fuzzy,85,719.4818,8.464492
device_malloc,fuzzy,90,792.3807,8.804231
device_malloc,fuzzy,95,868.9930,9.147295
device_malloc,fuzzy,100,950.6691,9.506691
thread_first_fit,suite,5,1.3391,0.267814
thread_first_fit,suite,10,2.7120,0.271203
thread_first_fit,suite,15,4.0339,0.268926
thread_first_fit,suite,20,5.3803,0.269013
thread_first_fit,suite,25,6.7237,0.268949
thread_first_fit,suite,30,8.0209,0.267364
thread_first_fit,suite,35,9.4076,0.268790
thread_first_fit,suite,40,11.2988,0.282469
thread_first_fit,suite,45,12.6616,0.281369
thread_first_fit,suite,50,14.1830,0.283660
thread_first_fit,suite,55,15.5429,0.282598
thread_first_fit,suite,60,16.9031,0.281719
thread_first_fit,suite,65,18.2453,0.280697
thread_first_fit,suite,70,19.6178,0.280254
thread_first_fit,suite,75,20.9173,0.278897
thread_first_fit,suite,80,22.2841,0.278552
thread_first_fit,suite,85,23.7935,0.279924
thread_first_fit,suite,90,25.2432,0.280480
thread_first_fit,suite,95,26.5916,0.279912
thread_first_fit,suite,100,28.1299,0.281299
thread_first_fit,fuzzy,5,0.4924,0.098483
thread_first_fit,fuzzy,10,0.9590,0.095901
thread_first_fit,fuzzy,15,1.4023,0.093487
thread_first_fit,fuzzy,20,1.8702,0.093510
thread_first_fit,fuzzy,25,2.3532,0.094127
thread_first_fit,fuzzy,30,2.8325,0.094417
thread_first_fit,fuzzy,35,3.3161,0.094745
thread_first_fit,fuzzy,40,3.7728,0.094320
thread_first_fit,fuzzy,45,4.3852,0.097448
thread_first_fit,fuzzy,50,4.8484,0.096969
thread_first_fit,fuzzy,55,5.3268,0.096851
thread_first_fit,fuzzy,60,5.8249,0.097081
thread_first_fit,fuzzy,65,6.3121,0.097110
thread_first_fit,fuzzy,70,6.9317,0.099024
thread_first_fit,fuzzy,75,7.6871,0.102495
thread_first_fit,fuzzy,80,8.1886,0.102357
thread_first_fit,fuzzy,85,8.6937,0.102279
thread_first_fit,fuzzy,90,9.1777,0.101974
thread_first_fit,fuzzy,95,9.6332,0.101402
thread_first_fit,fuzzy,100,10.0693,0.100693
thread_best_fit,suite,5,1.3855,0.277107
thread_best_fit,suite,10,2.8447,0.284474
thread_best_fit,suite,15,4.1971,0.279804
thread_best_fit,suite,20,5.6290,0.281451
thread_best_fit,suite,25,6.9727,0.278909
thread_best_fit,suite,30,8.3601,0.278669
thread_best_fit,suite,35,9.8108,0.280310
thread_best_fit,suite,40,11.3005,0.282513
thread_best_fit,suite,45,12.7350,0.283000
thread_best_fit,suite,50,14.4999,0.289997
thread_best_fit,suite,55,15.9760,0.290473
thread_best_fit,suite,60,17.4414,0.290690
thread_best_fit,suite,65,18.9627,0.291734
thread_best_fit,suite,70,20.8088,0.297268
thread_best_fit,suite,75,22.3468,0.297957
thread_best_fit,suite,80,23.9017,0.298772
thread_best_fit,suite,85,25.2921,0.297554
thread_best_fit,suite,90,26.6354,0.295949
thread_best_fit,suite,95,28.0343,0.295098
thread_best_fit,suite,100,29.4243,0.294243
thread_best_fit,fuzzy,5,0.4431,0.088627
thread_best_fit,fuzzy,10,0.9335,0.093347
thread_best_fit,fuzzy,15,1.4543,0.096954
thread_best_fit,fuzzy,20,1.9486,0.097429
thread_best_fit,fuzzy,25,2.4446,0.097783
thread_best_fit,fuzzy,30,2.8753,0.095844
thread_best_fit,fuzzy,35,3.3595,0.095986
thread_best_fit,fuzzy,40,3.8376,0.095939
thread_best_fit,fuzzy,45,4.3138,0.095862
thread_best_fit,fuzzy,50,4.8131,0.096262
thread_best_fit,fuzzy,55,5.2695,0.095809
thread_best_fit,fuzzy,60,5.7207,0.095345
thread_best_fit,fuzzy,65,6.1992,0.095373
thread_best_fit,fuzzy,70,6.6728,0.095326
thread_best_fit,fuzzy,75,7.1250,0.095000
thread_best_fit,fuzzy,80,7.7057,0.096322
thread_best_fit,fuzzy,85,8.1727,0.096149
thread_best_fit,fuzzy,90,8.6289,0.095877
thread_best_fit,fuzzy,95,9.1319,0.096126
thread_best_fit,fuzzy,100,9.6375,0.096375
warp_first_fit,suite,5,1.5864,0.317280
warp_first_fit,suite,10,3.2033,0.320326
warp_first_fit,suite,15,4.8000,0.320000
warp_first_fit,suite,20,6.4102,0.320510
warp_first_fit,suite,25,7.9605,0.318422
warp_first_fit,suite,30,9.5942,0.319807
warp_first_fit,suite,35,11.1968,0.319908
warp_first_fit,suite,40,12.9907,0.324766
warp_first_fit,suite,45,14.6706,0.326013
warp_first_fit,suite,50,16.2691,0.325381
warp_first_fit,suite,55,17.8509,0.324561
warp_first_fit,suite,60,19.4367,0.323945
warp_first_fit,suite,65,21.0445,0.323761
warp_first_fit,suite,70,22.6173,0.323105
warp_first_fit,suite,75,24.2359,0.323145
warp_first_fit,suite,80,25.8217,0.322771
warp_first_fit,suite,85,27.4229,0.322623
warp_first_fit,suite,90,29.0181,0.322423
warp_first_fit,suite,95,30.6510,0.322642
warp_first_fit,suite,100,32.2262,0.322262
warp_first_fit,fuzzy,5,0.6879,0.137587
warp_first_fit,fuzzy,10,1.3914,0.139142
warp_first_fit,fuzzy,15,2.0372,0.135817
warp_first_fit,fuzzy,20,2.9230,0.146152
warp_first_fit,fuzzy,25,3.6589,0.146355
warp_first_fit,fuzzy,30,4.3539,0.145131
warp_first_fit,fuzzy,35,5.0390,0.143973
warp_first_fit,fuzzy,40,5.9347,0.148368
warp_first_fit,fuzzy,45,6.6667,0.148149
warp_first_fit,fuzzy,50,7.3632,0.147263
warp_first_fit,fuzzy,55,8.0450,0.146273
warp_first_fit,fuzzy,60,9.0258,0.150430
warp_first_fit,fuzzy,65,9.7541,0.150064
warp_first_fit,fuzzy,70,10.4469,0.149241
warp_first_fit,fuzzy,75,11.0852,0.147803
warp_first_fit,fuzzy,80,11.7999,0.147498
warp_first_fit,fuzzy,85,12.5030,0.147094
warp_first_fit,fuzzy,90,13.1975,0.146639
warp_first_fit,fuzzy,95,14.0823,0.148234
warp_first_fit,fuzzy,100,14.7476,0.147476
warp_best_fit,suite,5,1.6597,0.331942
warp_best_fit,suite,10,3.2496,0.324957
warp_best_fit,suite,15,4.9369,0.329128
warp_best_fit,suite,20,6.5599,0.327994
warp_best_fit,suite,25,8.2189,0.328756
warp_best_fit,suite,30,9.8276,0.327587
warp_best_fit,suite,35,11.4546,0.327274
warp_best_fit,suite,40,13.2586,0.331464
warp_best_fit,suite,45,14.9342,0.331871
warp_best_fit,suite,50,16.5213,0.330426
warp_best_fit,suite,55,18.2215,0.331300
warp_best_fit,suite,60,19.8186,0.330310
warp_best_fit,suite,65,21.4940,0.330676
warp_best_fit,suite,70,23.3477,0.333539
warp_best_fit,suite,75,25.1213,0.334950
warp_best_fit,suite,80,27.3401,0.341751
warp_best_fit,suite,85,29.1222,0.342615
warp_best_fit,suite,90,30.8148,0.342387
warp_best_fit,suite,95,32.5681,0.342822
warp_best_fit,suite,100,34.2010,0.342010
warp_best_fit,fuzzy,5,0.7131,0.142618
warp_best_fit,fuzzy,10,1.4244,0.142445
warp_best_fit,fuzzy,15,2.1020,0.140134
warp_best_fit,fuzzy,20,3.0260,0.151301
warp_best_fit,fuzzy,25,3.7679,0.150716
warp_best_fit,fuzzy,30,4.4803,0.149342
warp_best_fit,fuzzy,35,5.1946,0.148416
warp_best_fit,fuzzy,40,5.8393,0.145982
warp_best_fit,fuzzy,45,6.5363,0.145252
warp_best_fit,fuzzy,50,7.2246,0.144492
warp_best_fit,fuzzy,55,7.8869,0.143398
warp_best_fit,fuzzy,60,8.5044,0.141739
warp_best_fit,fuzzy,65,9.1975,0.141500
warp_best_fit,fuzzy,70,9.8930,0.141329
warp_best_fit,fuzzy,75,10.5901,0.141201
warp_best_fit,fuzzy,80,11.2245,0.140307
warp_best_fit,fuzzy,85,11.9137,0.140161
warp_best_fit,fuzzy,90,12.6211,0.140235
warp_best_fit,fuzzy,95,13.3228,0.140240
warp_best_fit,fuzzy,100,14.1669,0.141669
warp_first_fit,suite,5,10.6555,2.131104
warp_first_fit,suite,10,20.6543,2.065434
warp_first_fit,suite,15,30.9512,2.063413
warp_first_fit,suite,20,40.9606,2.048032
warp_first_fit,suite,25,51.3170,2.052680
warp_first_fit,suite,30,61.3897,2.046324
warp_first_fit,suite,35,71.6220,2.046343
warp_first_fit,suite,40,81.7212,2.043029
warp_first_fit,suite,45,92.0343,2.045207
warp_first_fit,suite,50,102.0565,2.041131
warp_first_fit,suite,55,112.4921,2.045310
warp_first_fit,suite,60,122.2528,2.037547
warp_first_fit,suite,65,132.5397,2.039073
warp_first_fit,suite,70,142.4896,2.035565
warp_first_fit,suite,75,152.9504,2.039338
warp_first_fit,suite,80,162.8654,2.035818
warp_first_fit,suite,85,173.5739,2.042046
warp_first_fit,suite,90,183.5231,2.039145
warp_first_fit,suite,95,193.8728,2.040767
warp_first_fit,suite,100,203.8280,2.038280
warp_first_fit,fuzzy,5,2.7778,0.555565
warp_first_fit,fuzzy,10,5.7349,0.573488
warp_first_fit,fuzzy,15,8.4939,0.566261
warp_first_fit,fuzzy,20,11.3352,0.566758
warp_first_fit,fuzzy,25,14.4683,0.578730
warp_first_fit,fuzzy,30,17.2789,0.575964
warp_first_fit,fuzzy,35,20.2238,0.577822
warp_first_fit,fuzzy,40,23.1408,0.578519
warp_first_fit,fuzzy,45,25.7436,0.572079
warp_first_fit,fuzzy,50,28.7679,0.575358
warp_first_fit,fuzzy,55,31.7339,0.576980
warp_first_fit,fuzzy,60,34.6257,0.577095
warp_first_fit,fuzzy,65,37.2010,0.572323
warp_first_fit,fuzzy,70,40.2008,0.574298
warp_first_fit,fuzzy,75,42.9782,0.573043
warp_first_fit,fuzzy,80,45.7731,0.572164
warp_first_fit,fuzzy,85,48.3687,0.569044
warp_first_fit,fuzzy,90,51.3371,0.570412
warp_first_fit,fuzzy,95,54.3426,0.572027
warp_first_fit,fuzzy,100,57.1791,0.571791
warp_best_fit,suite,5,9.3522,1.870438
warp_best_fit,suite,10,19.6667,1.966669
warp_best_fit,suite,15,29.1022,1.940149
warp_best_fit,suite,20,38.7103,1.935514
warp_best_fit,suite,25,48.3514,1.934056
warp_best_fit,suite,30,57.8150,1.927168
warp_best_fit,suite,35,67.6759,1.933597
warp_best_fit,suite,40,76.9919,1.924798
warp_best_fit,suite,45,86.3929,1.919843
warp_best_fit,suite,50,96.1230,1.922460
warp_best_fit,suite,55,105.4473,1.917224
warp_best_fit,suite,60,114.8770,1.914616
warp_best_fit,suite,65,124.6603,1.917850
warp_best_fit,suite,70,133.8395,1.911992
warp_best_fit,suite,75,143.2705,1.910273
warp_best_fit,suite,80,153.0258,1.912823
warp_best_fit,suite,85,162.4366,1.911019
warp_best_fit,suite,90,171.7868,1.908743
warp_best_fit,suite,95,181.5049,1.910577
warp_best_fit,suite,100,190.9329,1.909329
warp_best_fit,fuzzy,5,2.5140,0.502810
warp_best_fit,fuzzy,10,5.2623,0.526230
warp_best_fit,fuzzy,15,7.6170,0.507797
warp_best_fit,fuzzy,20,10.5773,0.528867
warp_best_fit,fuzzy,25,13.3572,0.534289
warp_best_fit,fuzzy,30,15.6796,0.522654
warp_best_fit,fuzzy,35,18.1728,0.519224
warp_best_fit,fuzzy,40,20.8479,0.521198
warp_best_fit,fuzzy,45,23.2001,0.515558
warp_best_fit,fuzzy,50,25.9035,0.518069
warp_best_fit,fuzzy,55,28.4145,0.516627
warp_best_fit,fuzzy,60,30.9383,0.515638
warp_best_fit,fuzzy,65,33.4972,0.515341
warp_best_fit,fuzzy,70,36.1026,0.515751
warp_best_fit,fuzzy,75,38.6499,0.515332
warp_best_fit,fuzzy,80,40.9806,0.512258
warp_best_fit,fuzzy,85,43.3020,0.509436
warp_best_fit,fuzzy,90,45.6386,0.507095
warp_best_fit,fuzzy,95,47.9417,0.504650
warp_best_fit,fuzzy,100,50.2555,0.502555
warp_first_fit,suite,5,37.5234,7.504678
warp_first_fit,suite,10,74.1477,7.414768
warp_first_fit,suite,15,110.7822,7.385477
warp_first_fit,suite,20,147.4682,7.373412
warp_first_fit,suite,25,184.1062,7.364247
warp_first_fit,suite,30,220.8295,7.360984
warp_first_fit,suite,35,260.8833,7.453808
warp_first_fit,suite,40,301.4245,7.535612
warp_first_fit,suite,45,342.2888,7.606417
warp_first_fit,suite,50,383.0898,7.661795
warp_first_fit,suite,55,423.9112,7.707477
warp_first_fit,suite,60,464.7298,7.745497
warp_first_fit,suite,65,504.4362,7.760556
warp_first_fit,suite,70,545.2020,7.788599
warp_first_fit,suite,75,586.2171,7.816228
warp_first_fit,suite,80,626.9501,7.836877
warp_first_fit,suite,85,667.8231,7.856742
warp_first_fit,suite,90,708.8262,7.875847
warp_first_fit,suite,95,749.6437,7.890986
warp_first_fit,suite,100,789.3662,7.893662
warp_first_fit,fuzzy,5,7.7637,1.552736
warp_first_fit,fuzzy,10,15.8306,1.583059
warp_first_fit,fuzzy,15,23.4936,1.566238
warp_first_fit,fuzzy,20,31.2008,1.560038
warp_first_fit,fuzzy,25,38.6340,1.545361
warp_first_fit,fuzzy,30,45.9483,1.531609
warp_first_fit,fuzzy,35,53.6861,1.533890
warp_first_fit,fuzzy,40,61.4381,1.535953
warp_first_fit,fuzzy,45,69.0105,1.533567
warp_first_fit,fuzzy,50,76.7052,1.534104
warp_first_fit,fuzzy,55,84.1534,1.530061
warp_first_fit,fuzzy,60,91.7202,1.528670
warp_first_fit,fuzzy,65,99.2421,1.526802
warp_first_fit,fuzzy,70,106.7660,1.525229
warp_first_fit,fuzzy,75,113.9823,1.519764
warp_first_fit,fuzzy,80,121.4072,1.517591
warp_first_fit,fuzzy,85,129.0520,1.518258
warp_first_fit,fuzzy,90,136.7950,1.519945
warp_first_fit,fuzzy,95,144.2516,1.518438
warp_first_fit,fuzzy,100,151.8219,1.518219
warp_best_fit,suite,5,35.8376,7.167520
warp_best_fit,suite,10,69.7214,6.972137
warp_best_fit,suite,15,103.6103,6.907353
warp_best_fit,suite,20,137.5096,6.875480
warp_best_fit,suite,25,171.3895,6.855578
warp_best_fit,suite,30,205.3263,6.844210
warp_best_fit,suite,35,239.1939,6.834113
warp_best_fit,suite,40,274.8179,6.870448
warp_best_fit,suite,45,312.4434,6.943187
warp_best_fit,suite,50,349.8340,6.996680
warp_best_fit,suite,55,388.1345,7.056990
warp_best_fit,suite,60,425.5825,7.093041
warp_best_fit,suite,65,463.0112,7.123250
warp_best_fit,suite,70,500.4999,7.149998
warp_best_fit,suite,75,537.9423,7.172564
warp_best_fit,suite,80,575.2461,7.190576
warp_best_fit,suite,85,612.5882,7.206920
warp_best_fit,suite,90,650.1312,7.223680
warp_best_fit,suite,95,687.7314,7.239278
warp_best_fit,suite,100,725.2957,7.252957
warp_best_fit,fuzzy,5,5.0653,1.013062
warp_best_fit,fuzzy,10,10.1241,1.012410
warp_best_fit,fuzzy,15,16.2350,1.082332
warp_best_fit,fuzzy,20,21.4333,1.071666
warp_best_fit,fuzzy,25,26.8310,1.073242
warp_best_fit,fuzzy,30,32.0272,1.067574
warp_best_fit,fuzzy,35,37.1314,1.060897
warp_best_fit,fuzzy,40,42.1209,1.053023
warp_best_fit,fuzzy,45,47.2869,1.050820
warp_best_fit,fuzzy,50,52.5297,1.050594
warp_best_fit,fuzzy,55,57.7411,1.049837
warp_best_fit,fuzzy,60,62.9951,1.049918
warp_best_fit,fuzzy,65,67.9594,1.045530
warp_best_fit,fuzzy,70,73.1445,1.044922
warp_best_fit,fuzzy,75,78.4271,1.045695
warp_best_fit,fuzzy,80,83.4038,1.042548
warp_best_fit,fuzzy,85,88.5177,1.041384
warp_best_fit,fuzzy,90,93.9766,1.044185
warp_best_fit,fuzzy,95,99.0701,1.042843
warp_best_fit,fuzzy,100,104.2360,1.042360
freelist,suite,5,1.2567,0.251334
freelist,suite,10,2.5834,0.258342
freelist,suite,15,3.8941,0.259610
freelist,suite,20,5.1570,0.257851
freelist,suite,25,6.4718,0.258874
freelist,suite,30,7.9674,0.265580
freelist,suite,35,9.2551,0.264432
freelist,suite,40,10.7193,0.267982
freelist,suite,45,11.9774,0.266164
freelist,suite,50,13.2655,0.265311
freelist,suite,55,14.4952,0.263549
freelist,suite,60,15.7831,0.263051
freelist,suite,65,17.1109,0.263245
freelist,suite,70,18.3745,0.262493
freelist,suite,75,19.7330,0.263107
freelist,suite,80,21.0185,0.262731
freelist,suite,85,22.2903,0.262239
freelist,suite,90,23.5611,0.261790
freelist,suite,95,24.8916,0.262017
freelist,suite,100,26.2013,0.262013
freelist,fuzzy,5,0.6519,0.130387
freelist,fuzzy,10,1.1475,0.114749
freelist,fuzzy,15,1.6543,0.110287
freelist,fuzzy,20,2.1513,0.107565
freelist,fuzzy,25,2.6526,0.106106
freelist,fuzzy,30,3.1116,0.103718
freelist,fuzzy,35,3.5660,0.101884
freelist,fuzzy,40,4.0849,0.102123
freelist,fuzzy,45,4.6037,0.102304
freelist,fuzzy,50,5.1023,0.102047
freelist,fuzzy,55,5.6071,0.101947
freelist,fuzzy,60,6.0586,0.100976
freelist,fuzzy,65,6.5740,0.101139
freelist,fuzzy,70,7.1004,0.101434
freelist,fuzzy,75,7.6235,0.101646
freelist,fuzzy,80,8.1768,0.102210
freelist,fuzzy,85,8.8098,0.103645
freelist,fuzzy,90,9.5286,0.105873
freelist,fuzzy,95,10.0412,0.105697
freelist,fuzzy,100,10.5526,0.105526
global_first_fit,suite,5,2.4463,0.489267
global_first_fit,suite,10,5.1066,0.510662
global_first_fit,suite,15,7.4213,0.494756
global_first_fit,suite,20,10.2293,0.511464
global_first_fit,suite,25,12.9972,0.519886
global_first_fit,suite,30,15.5269,0.517565
global_first_fit,suite,35,18.1194,0.517698
global_first_fit,suite,40,20.8360,0.520900
global_first_fit,suite,45,23.3958,0.519906
global_first_fit,suite,50,25.7349,0.514698
global_first_fit,suite,55,28.3922,0.516222
global_first_fit,suite,60,30.8959,0.514932
global_first_fit,suite,65,33.2361,0.511325
global_first_fit,suite,70,35.7090,0.510128
global_first_fit,suite,75,38.4133,0.512178
global_first_fit,suite,80,40.7246,0.509057
global_first_fit,suite,85,43.3590,0.510106
global_first_fit,suite,90,46.0672,0.511858
global_first_fit,suite,95,48.3939,0.509409
global_first_fit,suite,100,50.6835,0.506835
global_first_fit,fuzzy,5,0.6588,0.131763
global_first_fit,fuzzy,10,1.3091,0.130909
global_first_fit,fuzzy,15,1.8977,0.126515
global_first_fit,fuzzy,20,2.5437,0.127187
global_first_fit,fuzzy,25,3.1763,0.127052
global_first_fit,fuzzy,30,3.7736,0.125787
global_first_fit,fuzzy,35,4.4039,0.125827
global_first_fit,fuzzy,40,5.0171,0.125426
global_first_fit,fuzzy,45,5.6720,0.126044
global_first_fit,fuzzy,50,6.2941,0.125883
global_first_fit,fuzzy,55,6.8766,0.125030
global_first_fit,fuzzy,60,7.4427,0.124044
global_first_fit,fuzzy,65,8.0851,0.124386
global_first_fit,fuzzy,70,8.7300,0.124714
global_first_fit,fuzzy,75,9.3606,0.124808
global_first_fit,fuzzy,80,9.9653,0.124566
global_first_fit,fuzzy,85,10.5916,0.124608
global_first_fit,fuzzy,90,11.2466,0.124962
global_first_fit,fuzzy,95,11.8981,0.125243
global_first_fit,fuzzy,100,12.5316,0.125316
global_best_fit,suite,5,2.3675,0.473498
global_best_fit,suite,10,4.8805,0.488051
global_best_fit,suite,15,7.5700,0.504670
global_best_fit,suite,20,10.0324,0.501621
global_best_fit,suite,25,12.8685,0.514742
global_best_fit,suite,30,15.6727,0.522422
global_best_fit,suite,35,18.2330,0.520942
global_best_fit,suite,40,20.5854,0.514635
global_best_fit,suite,45,23.2902,0.517560
global_best_fit,suite,50,25.9459,0.518918
global_best_fit,suite,55,28.3180,0.514873
global_best_fit,suite,60,31.1021,0.518369
global_best_fit,suite,65,33.8996,0.521533
global_best_fit,suite,70,36.3477,0.519253
global_best_fit,suite,75,38.7014,0.516018
global_best_fit,suite,80,41.2611,0.515764
global_best_fit,suite,85,43.6200,0.513177
global_best_fit,suite,90,45.9645,0.510717
global_best_fit,suite,95,48.3237,0.508671
global_best_fit,suite,100,50.6937,0.506937
global_best_fit,fuzzy,5,0.6496,0.129926
global_best_fit,fuzzy,10,1.3157,0.131568
global_best_fit,fuzzy,15,1.9697,0.131313
global_best_fit,fuzzy,20,2.6401,0.132003
global_best_fit,fuzzy,25,3.2898,0.131590
global_best_fit,fuzzy,30,3.9712,0.132374
global_best_fit,fuzzy,35,4.6134,0.131813
global_best_fit,fuzzy,40,5.2424,0.131059
global_best_fit,fuzzy,45,5.8888,0.130862
global_best_fit,fuzzy,50,6.5141,0.130282
global_best_fit,fuzzy,55,7.1435,0.129881
global_best_fit,fuzzy,60,7.7697,0.129495
global_best_fit,fuzzy,65,8.4301,0.129694
global_best_fit,fuzzy,70,9.0811,0.129729
global_best_fit,fuzzy,75,9.7169,0.129559
global_best_fit,fuzzy,80,10.3608,0.129510
global_best_fit,fuzzy,85,11.0566,0.130077
global_best_fit,fuzzy,90,11.7490,0.130544
global_best_fit,fuzzy,95,12.4384,0.130930
global_best_fit,fuzzy,100,13.0606,0.130606
device_malloc,suite,5,662.1138,132.422760
device_malloc,suite,10,1308.3107,130.831070
device_malloc,suite,15,1967.5347,131.168976
device_malloc,suite,20,2627.3628,131.368134
device_malloc,suite,25,3275.1902,131.007614
device_malloc,suite,30,3938.4399,131.281326
device_malloc,suite,35,4597.8311,131.366608
device_malloc,suite,40,5244.8696,131.121735
device_malloc,suite,45,5911.5190,131.367096
device_malloc,suite,50,6572.6240,131.452484
device_malloc,suite,55,7219.5923,131.265320
device_malloc,suite,60,7888.5273,131.475449
device_malloc,suite,65,8544.5596,131.454758
device_malloc,suite,70,9191.4180,131.305969
device_malloc,suite,75,9861.9746,131.492996
device_malloc,suite,80,10511.6348,131.395432
device_malloc,suite,85,11159.1621,131.284256
device_malloc,suite,90,11840.8965,131.565521
device_malloc,suite,95,12528.6045,131.880051
device_malloc,suite,100,13173.2129,131.732132
device_malloc,fuzzy,5,93.5801,18.716013
device_malloc,fuzzy,10,191.6398,19.163984
device_malloc,fuzzy,15,293.6229,19.574860
device_malloc,fuzzy,20,399.6659,19.983295
device_malloc,fuzzy,25,509.9780,20.399118
device_malloc,fuzzy,30,624.4471,20.814905
device_malloc,fuzzy,35,737.1884,21.062527
device_malloc,fuzzy,40,865.2499,21.631247
device_malloc,fuzzy,45,994.1060,22.091244
device_malloc,fuzzy,50,1126.6196,22.532393
device_malloc,fuzzy,55,1262.3490,22.951799
device_malloc,fuzzy,60,1402.6177,23.376961
device_malloc,fuzzy,65,1546.7513,23.796175
device_malloc,fuzzy,70,1688.8977,24.127110
device_malloc,fuzzy,75,1827.6829,24.369104
device_malloc,fuzzy,80,1978.8191,24.735239
device_malloc,fuzzy,85,2140.2322,25.179203
device_malloc,fuzzy,90,2305.4341,25.615934
device_malloc,fuzzy,95,2476.4392,26.067781
device_malloc,fuzzy,100,2654.5085,26.545086
